{"assets/audios/favicon.png":["assets/audios/favicon.png"],"assets/fonts/Lexend%20Deca-SemiBold.ttf":["assets/fonts/Lexend%20Deca-SemiBold.ttf"],"assets/fonts/Poppins-SemiBold.ttf":["assets/fonts/Poppins-SemiBold.ttf"],"assets/fonts/favicon.png":["assets/fonts/favicon.png"],"assets/images/0c9a70b79ab7b86d22bd6f4976cc0368.jpg":["assets/images/0c9a70b79ab7b86d22bd6f4976cc0368.jpg"],"assets/images/favicon.png":["assets/images/favicon.png"],"assets/lottie_animations/favicon.png":["assets/lottie_animations/favicon.png"],"assets/pdfs/favicon.png":["assets/pdfs/favicon.png"],"assets/rive_animations/favicon.png":["assets/rive_animations/favicon.png"],"assets/videos/favicon.png":["assets/videos/favicon.png"],"packages/cupertino_icons/assets/CupertinoIcons.ttf":["packages/cupertino_icons/assets/CupertinoIcons.ttf"],"packages/font_awesome_flutter/lib/fonts/fa-brands-400.ttf":["packages/font_awesome_flutter/lib/fonts/fa-brands-400.ttf"],"packages/font_awesome_flutter/lib/fonts/fa-regular-400.ttf":["packages/font_awesome_flutter/lib/fonts/fa-regular-400.ttf"],"packages/font_awesome_flutter/lib/fonts/fa-solid-900.ttf":["packages/font_awesome_flutter/lib/fonts/fa-solid-900.ttf"]}